AV,AV,AV,AV,AV,AV,AV,AV,AV,AV,AV,AV,AV,AV,AV,AV,AV,AV,AV,AV,AV
AV,AV,AV,AV,AV,AV,AV,AV,AV,AV,AV,AV,AV,AV,AV,AV,AV,AV,AV,AV,AV
Banks - Private,Banks - State,Building Materials,Chemicals,Construction Contractors,Consumer Retail,Financial Services,Food - Agriculture,Food - Staples & Beverage,Industrial,Insurance,Logistics,Mining,Oil & Gas,Real Estate - Commercial,Real Estate - Industrial,Real Estate - Residential,Steel,Technology,Travel & Leisure,Utilities
ACB,BID,BMP,DCM,CII,DGW,BSI,ANV,KDC,GEE,BVH,GMD,MSR,BSR,TCH,BCM,DIG,HPG,CMG,VJC,BWE
EIB,CTG,HT1,DPM,CTD,FRT,CTS,BAF,MCH,GEX,,PVT,,PLX,VRE,KBC,DXG,HSG,FPT,VPL,GAS
HDB,MBB,VGC,GVR,CTR,MWG,DSE,DBC,MSN,,,VSC,,PVD,,SIP,HDG,NKG,,,NT2
LPB,VCB,,PHR,HHV,PNJ,EVF,HAG,SAB,,,VTP,,,,,KDH,,,,POW
MSB,,,,PC1,,F88,PAN,VNM,,,,,,,,KOS,,,,REE
NAB,,,,VCG,,FTS,SBT,,,,,,,,,NLG,,,,
OCB,,,,,,HCM,VHC,,,,,,,,,NVL,,,,
SHB,,,,,,SSI,,,,,,,,,,PDR,,,,
SSB,,,,,,TCX,,,,,,,,,,SJS,,,,
STB,,,,,,VCI,,,,,,,,,,TAL,,,,
TCB,,,,,,VCK,,,,,,,,,,VHM,,,,
TPB,,,,,,VIX,,,,,,,,,,VIC,,,,
VIB,,,,,,VND,,,,,,,,,,VPI,,,,
VPB,,,,,,VPX,,,,,,,,,,,,,,
