date,default,tilt,sector_cap,tactical,sector_cap_tactical
2025-01-02,1.00000000,1.00000000,1.00000000,1.00000000,1.00000000
2025-01-03,0.99900000,0.99900000,0.99900000,0.99900000,0.99900000
2025-01-06,0.99176491,0.99176491,0.99045293,0.99175876,0.99048120
2025-01-07,0.99219058,0.99219058,0.98980572,0.99212435,0.98978923
2025-01-08,0.99485272,0.99485272,0.99260904,0.99479095,0.99259419
2025-01-09,0.99051680,0.99051680,0.98903710,0.99053400,0.98909872
2025-01-10,0.97644359,0.97644359,0.97561657,0.97652451,0.97573889
2025-01-13,0.98170838,0.98170838,0.98105774,0.98177034,0.98115187
2025-01-14,0.97524806,0.97524806,0.97423901,0.97545282,0.97451893
2025-01-15,0.98228462,0.98228462,0.98118522,0.98243106,0.98139573
2025-01-16,0.98752431,0.98752431,0.98669258,0.98762587,0.98684046
2025-01-17,0.99498561,0.99498561,0.99313772,0.99494274,0.99313535
2025-01-20,0.99615395,0.99615395,0.99379839,0.99605749,0.99374385
2025-01-21,0.99456329,0.99456329,0.99225472,0.99432534,0.99202452
2025-01-22,0.99280448,0.99280448,0.98949624,0.99256963,0.98929716
2025-01-23,1.01105028,1.01105028,1.00655761,1.01067055,1.00621232
2025-01-24,1.01680919,1.01680919,1.01194449,1.01638831,1.01155865
2025-02-03,1.00233653,1.00233653,0.99760335,1.00205892,0.99739050
2025-02-04,1.01261344,1.01261344,1.00757080,1.01230246,1.00732527
2025-02-05,1.01637147,1.01637147,1.01061431,1.01604260,1.01036625
2025-02-06,1.01900665,1.01900665,1.01198440,1.01860262,1.01167826
2025-02-07,1.02106539,1.02106539,1.01335689,1.02059834,1.01299184
2025-02-10,1.01156513,1.01156513,1.00104554,1.01123109,1.00092120
2025-02-11,1.01752081,1.01752081,1.00687559,1.01713047,1.00668528
2025-02-12,1.01636434,1.01636434,1.00574280,1.01599236,1.00557447
2025-02-13,1.01820053,1.01820053,1.00700424,1.01778180,1.00679401
2025-02-14,1.02154233,1.02154233,1.01086610,1.02120801,1.01074569
2025-02-17,1.01923362,1.01923362,1.00849342,1.01890893,1.00838662
2025-02-18,1.02213297,1.02213297,1.01204666,1.02181764,1.01193354
2025-02-19,1.03027486,1.03027486,1.02053466,1.03001117,1.02047572
2025-02-20,1.03377071,1.03377071,1.02385618,1.03344984,1.02373153
2025-02-21,1.03535442,1.03535442,1.02507231,1.03498628,1.02489945
2025-02-24,1.04227589,1.04227589,1.03202203,1.04184009,1.03176500
2025-02-25,1.03995971,1.03995971,1.03011188,1.03961632,1.02995765
2025-02-26,1.04083789,1.04083789,1.03219196,1.04043522,1.03193184
2025-02-27,1.04449424,1.04449424,1.03673908,1.04401516,1.03636047
2025-02-28,1.04074343,1.04074343,1.03322834,1.04036793,1.03297082
2025-03-03,1.04450647,1.04450647,1.03824037,1.04419155,1.03802341
2025-03-04,1.04826180,1.04826180,1.04025338,1.04791909,1.04004976
2025-03-05,1.04311491,1.04311491,1.03467136,1.04269016,1.03437851
2025-03-06,1.05639461,1.05639461,1.04930728,1.05579153,1.04875760
2025-03-07,1.06206580,1.06206580,1.05516121,1.06134593,1.05446260
2025-03-10,1.06140622,1.06140622,1.05469499,1.06067889,1.05398190
2025-03-11,1.06346987,1.06346987,1.05650443,1.06267219,1.05571158
2025-03-12,1.06153781,1.06153781,1.05482465,1.06078577,1.05408117
2025-03-13,1.05541558,1.05541558,1.05057491,1.05462599,1.04973401
2025-03-14,1.05352523,1.05352523,1.04725792,1.05264771,1.04634761
2025-03-17,1.06117534,1.06117534,1.05348144,1.06030918,1.05262409
2025-03-18,1.05674813,1.05674813,1.04832033,1.05608323,1.04773108
2025-03-19,1.04857118,1.04857118,1.03895036,1.04792524,1.03841706
2025-03-20,1.04916440,1.04916440,1.03986728,1.04847378,1.03927006
2025-03-21,1.04863297,1.04863297,1.04108190,1.04788092,1.04036129
2025-03-24,1.05602261,1.05602261,1.04925701,1.05514471,1.04835984
2025-03-25,1.05497433,1.05497433,1.04815572,1.05410353,1.04726875
2025-03-26,1.04869836,1.04869836,1.04204048,1.04794813,1.04129771
2025-03-27,1.04814944,1.04814944,1.04233481,1.04735986,1.04152052
2025-03-28,1.04323733,1.04323733,1.03669894,1.04234838,1.03578195
2025-03-31,1.03643886,1.03643886,1.02900586,1.03556189,1.02812808
2025-04-01,1.04525838,1.04525838,1.03722622,1.04445868,1.03646003
2025-04-02,1.04561279,1.04561279,1.03857039,1.04476508,1.03771723
2025-04-03,0.97446383,0.97446383,0.96748014,0.97366308,0.96668199
2025-04-04,0.96346259,0.96346259,0.95237546,0.96225925,0.95117294
2025-04-08,0.90099291,0.90099291,0.89016558,0.89983315,0.88900914
2025-04-09,0.87361614,0.87361614,0.86040600,0.87220668,0.85899400
2025-04-10,0.93409745,0.93409745,0.91999132,0.93258872,0.91847898
2025-04-11,0.97769461,0.97769461,0.96446642,0.97620925,0.96296322
2025-04-14,0.99130968,0.99130968,0.98267807,0.98980672,0.98103937
2025-04-15,0.97815535,0.97815535,0.97086981,0.97654213,0.96905882
2025-04-16,0.96443715,0.96443715,0.95432623,0.96286143,0.95263185
2025-04-17,0.97167666,0.97167666,0.96197378,0.97010284,0.96027192
2025-04-18,0.97823020,0.97823020,0.96656267,0.97665040,0.96490221
2025-04-21,0.97003440,0.97003440,0.95727320,0.96846574,0.95565355
2025-04-22,0.96343210,0.96343210,0.95033914,0.96174492,0.94857861
2025-04-23,0.97574981,0.97574981,0.96365881,0.97402625,0.96182820
2025-04-24,0.98334039,0.98334039,0.97401231,0.98160173,0.97209456
2025-04-25,0.98674728,0.98674728,0.98070750,0.98512151,0.97885019
2025-04-28,0.98649791,0.98649791,0.97887221,0.98485868,0.97703728
2025-04-29,0.98593204,0.98593204,0.97843564,0.98428272,0.97658482
2025-05-05,0.99503074,0.99503074,0.98912370,0.99329988,0.98713141
2025-05-06,0.99512904,0.99512904,0.98934054,0.99353633,0.98751883
2025-05-07,0.99921124,0.99921124,0.99380613,0.99778540,0.99218465
2025-05-08,1.01490636,1.01490636,1.01015600,1.01355303,1.00860991
2025-05-09,1.01667138,1.01667138,1.01052563,1.01526051,1.00894192
2025-05-12,1.03132584,1.03132584,1.02295444,1.02988754,1.02139192
2025-05-13,1.04097500,1.04097500,1.03394565,1.03943018,1.03221645
2025-05-14,1.05567069,1.05567069,1.04768237,1.05398849,1.04580490
2025-05-15,1.06164668,1.06164668,1.04988232,1.05988188,1.04799487
2025-05-16,1.04821986,1.04821986,1.03781999,1.04654440,1.03601047
2025-05-19,1.04389975,1.04389975,1.03478788,1.04211915,1.03281424
2025-05-20,1.06031642,1.06031642,1.05115319,1.05835088,1.04894913
2025-05-21,1.06739888,1.06739888,1.05821975,1.06534414,1.05590431
2025-05-22,1.05931892,1.05931892,1.05058080,1.05737653,1.04839526
2025-05-23,1.06117354,1.06117354,1.05242659,1.05933461,1.05037126
2025-05-26,1.07331578,1.07331578,1.06602000,1.07138852,1.06381822
2025-05-27,1.07959885,1.07959885,1.07355067,1.07766275,1.07130709
2025-05-28,1.07867414,1.07867414,1.07405381,1.07688888,1.07196429
2025-05-29,1.07993501,1.07993501,1.07489651,1.07804451,1.07268521
2025-05-30,1.07127864,1.07127864,1.06713165,1.06942941,1.06494979
2025-06-02,1.07589686,1.07589686,1.07053434,1.07418650,1.06855717
2025-06-03,1.08597717,1.08597717,1.08087281,1.08416029,1.07875583
2025-06-04,1.08495872,1.08495872,1.08042522,1.08315447,1.07830992
2025-06-05,1.08144115,1.08144115,1.07729610,1.07961531,1.07514394
2025-06-06,1.07063418,1.07063418,1.06602334,1.06893826,1.06404549
2025-06-09,1.05821318,1.05821318,1.05234879,1.05657684,1.05047639
2025-06-10,1.06380107,1.06380107,1.05763540,1.06204012,1.05561417
2025-06-11,1.06399767,1.06399767,1.05785518,1.06217778,1.05575935
2025-06-12,1.07468349,1.07468349,1.06638903,1.07282146,1.06429397
2025-06-13,1.06633706,1.06633706,1.05689633,1.06493548,1.05540769
2025-06-16,1.08458868,1.08458868,1.07465486,1.08357847,1.07367061
2025-06-17,1.09078671,1.09078671,1.08083942,1.08959120,1.07962300
2025-06-18,1.09000177,1.09000177,1.07969353,1.08891116,1.07861778
2025-06-19,1.09400616,1.09400616,1.08237477,1.09292326,1.08134162
2025-06-20,1.09424421,1.09424421,1.08292291,1.09294124,1.08160569
2025-06-23,1.09660882,1.09660882,1.08770573,1.09558532,1.08667968
2025-06-24,1.10525770,1.10525770,1.09743503,1.10368593,1.09569392
2025-06-25,1.10550368,1.10550368,1.09825610,1.10377023,1.09629768
2025-06-26,1.10572240,1.10572240,1.09846062,1.10403789,1.09656403
2025-06-27,1.11048342,1.11048342,1.10466766,1.10873148,1.10265072
2025-06-30,1.11578785,1.11578785,1.11012941,1.11398618,1.10804630
2025-07-01,1.11516104,1.11516104,1.10872735,1.11325620,1.10653386
2025-07-02,1.12345377,1.12345377,1.11660047,1.12147253,1.11432198
2025-07-03,1.12387585,1.12387585,1.11694252,1.12188975,1.11466000
2025-07-04,1.13134633,1.13134633,1.12429807,1.12933055,1.12198178
2025-07-07,1.14637260,1.14637260,1.13686336,1.14420795,1.13442366
2025-07-08,1.15768680,1.15768680,1.14953678,1.15554062,1.14708668
2025-07-09,1.16674849,1.16674849,1.15917786,1.16454146,1.15663875
2025-07-10,1.17719598,1.17719598,1.17115352,1.17501581,1.16861023
2025-07-11,1.18783885,1.18783885,1.18351000,1.18546843,1.18069094
2025-07-14,1.19814365,1.19814365,1.19430123,1.19568608,1.19136308
2025-07-15,1.19231313,1.19231313,1.18825712,1.18986283,1.18533314
2025-07-16,1.20488657,1.20488657,1.20215490,1.20230956,1.19904276
2025-07-17,1.21511683,1.21511683,1.21477633,1.21246418,1.21151293
2025-07-18,1.22512445,1.22512445,1.22195009,1.22246429,1.21874629
2025-07-21,1.21931290,1.21931290,1.21305821,1.21660047,1.20986504
2025-07-22,1.23918574,1.23918574,1.23485288,1.23630746,1.23140884
2025-07-23,1.24303082,1.24303082,1.23851600,1.24019290,1.23512600
2025-07-24,1.25309039,1.25309039,1.24737183,1.25032906,1.24410523
2025-07-25,1.26639560,1.26639560,1.26073962,1.26354375,1.25736005
2025-07-28,1.29443992,1.29443992,1.28726311,1.29131287,1.28358180
2025-07-29,1.23257802,1.23257802,1.22704751,1.22992767,1.22391301
2025-07-30,1.24770419,1.24770419,1.23953751,1.24485104,1.23621753
2025-07-31,1.24597523,1.24597523,1.23581424,1.24323890,1.23268645
2025-08-01,1.24341026,1.24341026,1.23302011,1.24071067,1.22994312
2025-08-04,1.27258431,1.27258431,1.26061632,1.26964534,1.25728300
2025-08-05,1.29117535,1.29117535,1.27953486,1.28802979,1.27593933
2025-08-06,1.31669742,1.31669742,1.30291803,1.31365942,1.29950663
2025-08-07,1.32694217,1.32694217,1.31096745,1.32378695,1.30746516
2025-08-08,1.32760502,1.32760502,1.31261199,1.32466775,1.30935394
2025-08-11,1.33945613,1.33945613,1.32557768,1.33634663,1.32208058
2025-08-12,1.34945895,1.34945895,1.33601297,1.34641544,1.33258646
2025-08-13,1.35426524,1.35426524,1.34154274,1.35104616,1.33788262
2025-08-14,1.38681081,1.38681081,1.36745398,1.38329178,1.36358595
2025-08-15,1.38017963,1.38017963,1.36114636,1.37699954,1.35768745
2025-08-18,1.38709377,1.38709377,1.36665616,1.38414320,1.36351368
2025-08-19,1.40805585,1.40805585,1.38018746,1.40514418,1.37727336
2025-08-20,1.41796635,1.41796635,1.38343590,1.41507262,1.38070577
2025-08-21,1.44833920,1.44833920,1.40282204,1.44523404,1.40040354
2025-08-22,1.40255525,1.40255525,1.36406242,1.39944420,1.35959697
2025-08-25,1.36646818,1.36646818,1.34197690,1.36344937,1.33726532
2025-08-26,1.41864238,1.41864238,1.39092880,1.41542639,1.38610356
2025-08-27,1.41982834,1.41982834,1.39828960,1.41642390,1.39299682
2025-08-28,1.43215375,1.43215375,1.40878988,1.42871673,1.40352744
2025-08-29,1.43793551,1.43793551,1.41025509,1.43427240,1.40499851
2025-09-03,1.44032948,1.44032948,1.41420485,1.43683213,1.40930757
2025-09-04,1.45461548,1.45461548,1.43014522,1.45098026,1.42505110
2025-09-05,1.42423141,1.42423141,1.40307852,1.42084690,1.39807848
2025-09-08,1.38231090,1.38231090,1.36992976,1.37891347,1.36467188
2025-09-09,1.39664466,1.39664466,1.38246332,1.39313605,1.37707509
2025-09-10,1.39904170,1.39904170,1.38449025,1.39568583,1.37922191
2025-09-11,1.41117537,1.41117537,1.39869624,1.40768992,1.39306120
2025-09-12,1.41870677,1.41870677,1.40940022,1.41522550,1.40362774
2025-09-15,1.43180854,1.43180854,1.42303327,1.42839078,1.41732645
2025-09-16,1.42975677,1.42975677,1.41944619,1.42624116,1.41371744
2025-09-17,1.41860859,1.41860859,1.41020329,1.41523643,1.40447591
2025-09-18,1.41382224,1.41382224,1.40484853,1.41036533,1.39896841
2025-09-19,1.40856396,1.40856396,1.40220633,1.40498140,1.39605604
2025-09-22,1.38343796,1.38343796,1.37632793,1.38014642,1.37043935
2025-09-23,1.38366064,1.38366064,1.37547947,1.38036369,1.36965621
2025-09-24,1.41047582,1.41047582,1.39656244,1.40695063,1.39076140
2025-09-25,1.41512129,1.41512129,1.40232970,1.41171817,1.39641461
2025-09-26,1.40706191,1.40706191,1.39634640,1.40362758,1.39021750
2025-09-29,1.41088475,1.41088475,1.39882033,1.40731849,1.39244053
2025-09-30,1.41023058,1.41023058,1.39481773,1.40646147,1.38825276
2025-10-01,1.41872031,1.41872031,1.39991415,1.41493186,1.39351994
2025-10-02,1.40718551,1.40718551,1.38743469,1.40348810,1.38120863
2025-10-03,1.40128761,1.40128761,1.38285057,1.39751747,1.37656189
2025-10-06,1.44890601,1.44890601,1.42962565,1.44494885,1.42303136
2025-10-07,1.43889490,1.43889490,1.42079619,1.43489524,1.41414053
2025-10-08,1.44753366,1.44753366,1.43051779,1.44348514,1.42375104
2025-10-09,1.46179584,1.46179584,1.44393876,1.45789968,1.43741477
2025-10-10,1.48706784,1.48706784,1.47146811,1.48304137,1.46481306
2025-10-13,1.50577365,1.50577365,1.48974943,1.50149902,1.48289283
2025-10-14,1.50516406,1.50516406,1.49000260,1.50070387,1.48296727
2025-10-15,1.50646451,1.50646451,1.48953803,1.50198436,1.48249831
2025-10-16,1.51739307,1.51739307,1.50324454,1.51275371,1.49593369
2025-10-17,1.48519461,1.48519461,1.47242098,1.48079330,1.46534583
2025-10-20,1.40107610,1.40107610,1.39027102,1.39704085,1.38370706
2025-10-21,1.42550438,1.42550438,1.41367604,1.42129366,1.40691989
2025-10-22,1.43674334,1.43674334,1.42653767,1.43280930,1.42004854
2025-10-23,1.44265018,1.44265018,1.43257113,1.43875237,1.42623873
2025-10-24,1.43785382,1.43785382,1.42953857,1.43394772,1.42320283
2025-10-27,1.40867007,1.40867007,1.40017699,1.40487123,1.39394368
2025-10-28,1.44096831,1.44096831,1.43144788,1.43684493,1.42479640
2025-10-29,1.44547379,1.44547379,1.43367737,1.44161506,1.42730610
2025-10-30,1.42770202,1.42770202,1.41724483,1.42383985,1.41083618
2025-10-31,1.39886107,1.39886107,1.38940086,1.39539723,1.38338241
2025-11-03,1.37454085,1.37454085,1.36708207,1.37112861,1.36115805
2025-11-04,1.41097225,1.41097225,1.40144441,1.40722156,1.39512682
2025-11-05,1.40512459,1.40512459,1.39698731,1.40176067,1.39117077
2025-11-06,1.39207675,1.39207675,1.38565474,1.38868282,1.37979796
2025-11-07,1.35328108,1.35328108,1.34764730,1.35012267,1.34204957
2025-11-10,1.33768916,1.33768916,1.33053195,1.33447514,1.32491204
2025-11-11,1.35151131,1.35151131,1.34587606,1.34816288,1.34004035
2025-11-12,1.38902708,1.38902708,1.38391521,1.38543661,1.37777481
2025-11-13,1.38435045,1.38435045,1.37999956,1.38095217,1.37408514
2025-11-14,1.39006179,1.39006179,1.38674702,1.38659118,1.38070732
2025-11-17,1.40941017,1.40941017,1.40646819,1.40588936,1.40036940
2025-11-18,1.41488422,1.41488422,1.41115394,1.41123019,1.40494248
2025-11-19,1.40430578,1.40430578,1.39988837,1.40072547,1.39382301
2025-11-20,1.41060259,1.41060259,1.40614874,1.40690143,1.39999036
2025-11-21,1.40990335,1.40990335,1.40576319,1.40610829,1.39951327
2025-11-24,1.41991435,1.41991435,1.41750509,1.41590406,1.41102323
2025-11-25,1.41306131,1.41306131,1.41147439,1.40904574,1.40500278
2025-11-26,1.43318463,1.43318463,1.43203876,1.42914453,1.42548271
2025-11-27,1.43377249,1.43377249,1.43233091,1.42974269,1.42580858
2025-11-28,1.43413302,1.43413302,1.43297291,1.43011689,1.42655088
2025-12-01,1.43719676,1.43719676,1.43832704,1.43327705,1.43202202
2025-12-02,1.44624728,1.44624728,1.44778742,1.44226690,1.44140466
2025-12-03,1.46418260,1.46418260,1.46342683,1.45993121,1.45668168
2025-12-04,1.47404557,1.47404557,1.47287509,1.46978905,1.46608545
2025-12-05,1.46859923,1.46859923,1.46962231,1.46423679,1.46279350
2025-12-08,1.46862619,1.46862619,1.47222104,1.46437180,1.46561021
2025-12-09,1.45799349,1.45799349,1.46424097,1.45357621,1.45745717
2025-12-10,1.44108885,1.44108885,1.44441860,1.43676806,1.43769927
2025-12-11,1.42809145,1.42809145,1.43186454,1.42379224,1.42514060
2025-12-12,1.37907472,1.37907472,1.38274999,1.37493522,1.37626316
2025-12-15,1.37719250,1.37719250,1.38104243,1.37336596,1.37490804
2025-12-16,1.41309246,1.41309246,1.41676755,1.40933915,1.41065084
2025-12-17,1.40655929,1.40655929,1.41050935,1.40276385,1.40434142
2025-12-18,1.41135343,1.41135343,1.41390958,1.40746606,1.40765445
2025-12-19,1.43328783,1.43328783,1.43711631,1.42949279,1.43101433
2025-12-22,1.47355174,1.47355174,1.47580387,1.46960092,1.46962682
2025-12-23,1.48787470,1.48787470,1.49196983,1.48373843,1.48566637
2025-12-24,1.50118760,1.50118760,1.50250889,1.49692745,1.49615540
2025-12-25,1.46488186,1.46488186,1.46706917,1.46108494,1.46114183
2025-12-26,1.45614987,1.45614987,1.45846322,1.45263719,1.45283210
2025-12-29,1.47346978,1.47346978,1.47682180,1.47023669,1.47158594
2025-12-30,1.48387214,1.48387214,1.48638867,1.48034820,1.48082185
2025-12-31,1.49395962,1.49395962,1.49659403,1.49013623,1.49075087
2026-01-05,1.48864836,1.48864836,1.49288606,1.48527275,1.48769184
2026-01-06,1.50771638,1.50771638,1.51193718,1.50476923,1.50728144
2026-01-07,1.53517623,1.53517623,1.54042922,1.53267267,1.53632779
2026-01-08,1.52233598,1.52233598,1.52892774,1.52023228,1.52528098
2026-01-09,1.51195595,1.51195595,1.52084273,1.51052742,1.51800130
2026-01-12,1.52564408,1.52564408,1.53825592,1.52404151,1.53496141
2026-01-13,1.53668720,1.53668720,1.54982780,1.53577261,1.54742866
2026-01-14,1.51692731,1.51692731,1.53576343,1.51662170,1.53393873
2026-01-15,1.50447531,1.50447531,1.52296248,1.50411704,1.52104492
2026-01-16,1.51943824,1.51943824,1.53831467,1.51868959,1.53590168
2026-01-19,1.53182178,1.53182178,1.55080138,1.53161897,1.54908923
2026-01-20,1.52637715,1.52637715,1.54481527,1.52633485,1.54332563
2026-01-21,1.51807132,1.51807132,1.53414762,1.51867176,1.53357478
2026-01-22,1.52347402,1.52347402,1.53865996,1.52359921,1.53749468
2026-01-23,1.52016219,1.52016219,1.53283003,1.51970274,1.53101405
2026-01-26,1.48516753,1.48516753,1.49859609,1.48555678,1.49786398
2026-01-27,1.47313584,1.47313584,1.49130069,1.47437573,1.49146614
2026-01-28,1.45530771,1.45530771,1.47766397,1.45680461,1.47798608
2026-01-29,1.46489522,1.46489522,1.49064316,1.46616834,1.49055816
2026-01-30,1.47598257,1.47598257,1.50167517,1.47734336,1.50169233
2026-02-02,1.45215024,1.45215024,1.48168097,1.45397028,1.48213368
2026-02-03,1.45469273,1.45469273,1.48664734,1.45656865,1.48708714
2026-02-04,1.43787860,1.43787860,1.47315100,1.43981710,1.47352050
2026-02-05,1.43781180,1.43781180,1.46675428,1.43956138,1.46713763
2026-02-06,1.41675612,1.41675612,1.44249196,1.41873179,1.44330455
2026-02-09,1.41859344,1.41859344,1.44483393,1.42060876,1.44568675
2026-02-10,1.43420521,1.43420521,1.45667176,1.43550382,1.45674522
2026-02-11,1.47875865,1.47875865,1.49864463,1.47959993,1.49818773
2026-02-12,1.49852407,1.49852407,1.51533512,1.49929648,1.51492049
2026-02-13,1.50571172,1.50571172,1.52220719,1.50654044,1.52186873
2026-02-23,1.52523583,1.52523583,1.54256958,1.52656858,1.54286339
2026-02-24,1.53189501,1.53189501,1.55003536,1.53356199,1.55074169
2026-02-25,1.52205954,1.52205954,1.54013566,1.52394086,1.54109262
2026-02-26,1.54559338,1.54559338,1.56092863,1.54726760,1.56172915
2026-02-27,1.54476411,1.54476411,1.55988890,1.54667543,1.56102822
2026-03-02,1.50663840,1.50663840,1.52360260,1.50944168,1.52587213
2026-03-03,1.47059100,1.47059100,1.49092987,1.47432352,1.49428945
2026-03-04,1.46764680,1.46764680,1.48975840,1.47199043,1.49388042
2026-03-05,1.47008566,1.47008566,1.48690387,1.47362752,1.49018388
2026-03-06,1.43724010,1.43724010,1.45319912,1.44075945,1.45647104
2026-03-09,1.34271282,1.34271282,1.35724552,1.34616488,1.36052564
2026-03-10,1.37021758,1.37021758,1.38710091,1.37282176,1.38912097
2026-03-11,1.41459725,1.41459725,1.43267295,1.41754178,1.43508872
2026-03-12,1.39900933,1.39900933,1.41616918,1.40197063,1.41865666
2026-03-13,1.39758204,1.39758204,1.41272650,1.39983817,1.41434913
2026-03-16,1.40232499,1.40232499,1.41650237,1.40404149,1.41744170
2026-03-17,1.41988632,1.41988632,1.43523634,1.42113342,1.43550333
2026-03-18,1.41621407,1.41621407,1.43268805,1.41779557,1.43336995
2026-03-19,1.40837536,1.40837536,1.42324537,1.40960653,1.42352238
2026-03-20,1.36813285,1.36813285,1.38458485,1.36907669,1.38442415
2026-03-23,1.31622066,1.31622066,1.33262487,1.31707014,1.33234859
2026-03-24,1.33758626,1.33758626,1.35487886,1.33832636,1.35439461
2026-03-25,1.37518636,1.37518636,1.39218973,1.37598874,1.39178563
2026-03-26,1.36467826,1.36467826,1.38108391,1.36537265,1.38057011
2026-03-27,1.38751650,1.38751650,1.40515236,1.38828602,1.40469451
2026-03-30,1.37791404,1.37791404,1.39547517,1.37885130,1.39523331
2026-03-31,1.39451954,1.39451954,1.41065119,1.39505194,1.40992508
2026-04-01,1.41959871,1.41959871,1.43520678,1.41990279,1.43421744
2026-04-02,1.41280615,1.41280615,1.42822718,1.41303236,1.42717055
2026-04-03,1.40218739,1.40218739,1.41501260,1.40263425,1.41437498
2026-04-06,1.39822658,1.39822658,1.40955628,1.39831806,1.40852671
2026-04-07,1.40481952,1.40481952,1.41572568,1.40477810,1.41454233
2026-04-08,1.47363533,1.47363533,1.48493773,1.47339264,1.48350419
2026-04-09,1.46223736,1.46223736,1.47293602,1.46180762,1.47126957
2026-04-10,1.47266417,1.47266417,1.48102238,1.47271698,1.48004895
2026-04-13,1.47884876,1.47884876,1.48754329,1.47893821,1.48671447
2026-04-14,1.49363780,1.49363780,1.50220423,1.49328808,1.50089634
2026-04-15,1.50852962,1.50852962,1.51633262,1.50800024,1.51499283
2026-04-16,1.52325022,1.52325022,1.52990260,1.52244245,1.52841124
2026-04-17,1.52299965,1.52299965,1.53089439,1.52251679,1.52970249
2026-04-20,1.53923686,1.53923686,1.54710227,1.53843087,1.54555792
2026-04-21,1.53817960,1.53817960,1.54313789,1.53733777,1.54170159
2026-04-22,1.55640260,1.55640260,1.55983175,1.55532444,1.55832393
2026-04-23,1.55947147,1.55947147,1.56285681,1.55843774,1.56115447
2026-04-24,1.55070985,1.55070985,1.55160848,1.54842724,1.55009793
2026-04-28,1.56597627,1.56597627,1.56526268,1.56298317,1.56274636
2026-04-29,1.55382384,1.55382384,1.55434552,1.55097755,1.55202175
2026-05-04,1.54850395,1.54850395,1.55057116,1.54620895,1.54889296
2026-05-05,1.55961443,1.55961443,1.56072186,1.55793880,1.55959055
2026-05-06,1.57741966,1.57741966,1.57851529,1.57559310,1.57722100
2026-05-07,1.59538189,1.59538189,1.59355256,1.59308750,1.59153021
2026-05-08,1.59816409,1.59816409,1.59543209,1.59591620,1.59345177
2026-05-11,1.58432724,1.58432724,1.58031886,1.58244817,1.57885915
2026-05-12,1.59189081,1.59189081,1.58597413,1.59039637,1.58514976
2026-05-13,1.58485016,1.58485016,1.58081220,1.58398962,1.58089110
2026-05-14,1.60622434,1.60622434,1.60098629,1.60540166,1.60104984
2026-05-15,1.59644222,1.59644222,1.59071782,1.59655928,1.59198987
2026-05-18,1.59250426,1.59250426,1.58808672,1.59339029,1.59030390
2026-05-19,1.58337678,1.58337678,1.58017633,1.58341148,1.58108474
2026-05-20,1.57814910,1.57814910,1.57517954,1.57886915,1.57675116
2026-05-21,1.57210189,1.57210189,1.56907397,1.57241180,1.57007719
2026-05-22,1.56130030,1.56130030,1.55733348,1.56113384,1.55791612
2026-05-25,1.57142290,1.57142290,1.56526938,1.57052140,1.56502296
2026-05-26,1.57633819,1.57633819,1.56958335,1.57531825,1.56936007
2026-05-27,1.57316698,1.57316698,1.56380845,1.57178334,1.56347165
2026-05-28,1.55703147,1.55703147,1.54903989,1.55623101,1.54901278
2026-05-29,1.55334331,1.55334331,1.54583497,1.55327669,1.54675164
2026-06-01,1.54373871,1.54373871,1.53832096,1.54314372,1.53853726
2026-06-02,1.52733763,1.52733763,1.52196848,1.52660024,1.52190972
2026-06-03,1.52534262,1.52534262,1.52293230,1.52475503,1.52295206
2026-06-04,1.53253273,1.53253273,1.52883813,1.53233880,1.52940579
2026-06-05,1.53562808,1.53562808,1.53100006,1.53532258,1.53152254
2026-06-08,1.49857800,1.49857800,1.49394625,1.49847451,1.49474285
2026-06-09,1.50768109,1.50768109,1.50185645,1.50714593,1.50218045
2026-06-10,1.51562894,1.51562894,1.51023017,1.51495561,1.51041589
2026-06-11,1.50807745,1.50807745,1.50194477,1.50746415,1.50225386
2026-06-12,1.50492406,1.50492406,1.49803713,1.50432610,1.49860982
2026-06-15,1.52048171,1.52048171,1.51556163,1.51895646,1.51504690
2026-06-16,1.52577604,1.52577604,1.52219182,1.52425609,1.52160806
2026-06-17,1.52438129,1.52438129,1.52050833,1.52267743,1.51973060
2026-06-18,1.53506042,1.53506042,1.52993391,1.53373189,1.52935495
2026-06-19,1.53070500,1.53070500,1.52452153,1.52931555,1.52387222
2026-06-22,1.54847678,1.54847678,1.54116887,1.54733411,1.54064809
2026-06-23,1.56024687,1.56024687,1.54701727,1.55844978,1.54598020
2026-06-24,1.56936919,1.56936919,1.55442048,1.56766864,1.55352393
2026-06-25,1.56273251,1.56273251,1.54591154,1.56055864,1.54465150
2026-06-26,1.56792126,1.56792126,1.55173692,1.56571166,1.55027136
2026-06-29,1.56678750,1.56678750,1.54959907,1.56445804,1.54818053
2026-06-30,1.56701018,1.56701018,1.55098115,1.56466712,1.54943469
2026-07-01,1.57666207,1.57666207,1.56154701,1.57442539,1.56023165
2026-07-02,1.57412926,1.57412926,1.55948795,1.57183168,1.55800378
2026-07-03,1.57016562,1.57016562,1.55544761,1.56770816,1.55374493
2026-07-06,1.55635155,1.55635155,1.53842761,1.55361781,1.53645045
2026-07-07,1.56239556,1.56239556,1.54329562,1.55973106,1.54144734
2026-07-08,1.56471985,1.56471985,1.54641527,1.56228032,1.54485443
2026-07-09,1.55325887,1.55325887,1.53418512,1.55133851,1.53336553
2026-07-10,1.54285542,1.54285542,1.52192701,1.54075645,1.52092505
2026-07-13,1.51900334,1.51900334,1.49784626,1.51714834,1.49717605
2026-07-14,1.52406815,1.52406815,1.50474647,1.52270803,1.50468828
2026-07-15,1.50176220,1.50176220,1.48123220,1.50032549,1.48108975
2026-07-16,1.52344426,1.52344426,1.49832217,1.52173638,1.49799107
2026-07-17,1.51330483,1.51330483,1.48729102,1.51135928,1.48664429
2026-07-20,1.47779544,1.47779544,1.44840541,1.47588012,1.44790119
2026-07-21,1.47132656,1.47132656,1.44107110,1.46875887,1.43968149
2026-07-22,1.42218828,1.42218828,1.39610094,1.41984243,1.39480808
2026-07-23,1.44824852,1.44824852,1.41899751,1.44591964,1.41788429
2026-07-24,1.43514595,1.43514595,1.40445997,1.43310761,1.40378760
2026-07-27,1.41889638,1.41889638,1.38462799,1.41686470,1.38408181
2026-07-28,1.43125801,1.43125801,1.40028816,1.42922415,1.39963530
2026-07-29,1.44791902,1.44791902,1.41814894,1.44591278,1.41752931
2026-07-30,1.47807912,1.47807912,1.45143316,1.47608336,1.45074291
2026-07-31,1.46417591,1.46417591,1.44123899,1.46219536,1.44042518
2026-08-03,1.49156265,1.49156265,1.47211746,1.48960565,1.47121943
2026-08-04,1.50699109,1.50699109,1.48432793,1.50472129,1.48313117
2026-08-05,1.50419582,1.50419582,1.48032411,1.50206550,1.47936908
2026-08-06,1.49280478,1.49280478,1.46914502,1.49068024,1.46818743
2026-08-07,1.49162241,1.49162241,1.47056753,1.49015411,1.47040405
2026-08-10,1.49821279,1.49821279,1.48072850,1.49722305,1.48108184
2026-08-11,1.49812299,1.49812299,1.48050107,1.49683510,1.48044710
2026-08-12,1.51232515,1.51232515,1.49168627,1.51114895,1.49191771
2026-08-13,1.48788675,1.48788675,1.46943718,1.48673832,1.46959851
2026-08-14,1.46201522,1.46201522,1.44516945,1.46072326,1.44504039
2026-08-17,1.45988401,1.45988401,1.44533147,1.45894787,1.44561095
2026-08-18,1.45921852,1.45921852,1.44433100,1.45893589,1.44553496
