trade_date,ticker,sector,rating,multiplier,close_adj,close_raw,fcap,weight_in_sector,target_weight
2026-08-12,VIC,Real Estate - Residential,AV,1.00000000,215500.00000000,215500,501825352850500,0.64163131,0.16670037
2026-08-12,VHM,Real Estate - Residential,AV,1.00000000,73800.00000000,73800,181876203315600,0.23254598,0.06041710
2026-08-12,LPB,Banks - Private,AV,1.00000000,53800.00000000,53800,144644199282000,0.15178113,0.04804907
2026-08-12,STB,Banks - Private,AV,1.00000000,74100.00000000,74100,132709760035600,0.13925783,0.04408459
2026-08-12,TCB,Banks - Private,AV,1.00000000,31500.00000000,31500,122769115313750,0.12882670,0.04078243
2026-08-12,ACB,Banks - Private,AV,1.00000000,22750.00000000,22750,112243009455500,0.11778122,0.03728578
2026-08-12,VPB,Banks - Private,AV,1.00000000,25700.00000000,25700,112146010102500,0.11767944,0.03725356
2026-08-12,HPG,Steel,AV,1.00000000,22100.00000000,22100,111953709489800,0.91578691,0.03718968
2026-08-12,HDB,Banks - Private,AV,1.00000000,27200.00000000,27200,108914812900800,0.11428881,0.03618020
2026-08-12,FPT,Technology,AV,1.00000000,70800.00000000,70800,103168164290400,0.97818263,0.03427123
2026-08-12,MBB,Banks - State,AV,1.00000000,20450.00000000,20450,102952967575000,0.48452199,0.03419974
2026-08-12,MWG,Consumer Retail,AV,1.00000000,74000.00000000,74000,81904992795000,0.69653033,0.02720785
2026-08-12,MSN,Food - Staples & Beverage,AV,1.00000000,67200.00000000,67200,58882304584800,0.37001849,0.01955999
2026-08-12,VCB,Banks - State,AV,1.00000000,59700.00000000,59700,54871718348070,0.25823980,0.01822773
2026-08-12,VNM,Food - Staples & Beverage,AV,1.00000000,61800.00000000,61800,51663698847200,0.32465651,0.01716206
2026-08-12,SHB,Banks - Private,AV,1.00000000,11850.00000000,11850,47492167860000,0.04983549,0.01577633
2026-08-12,SSI,Financial Services,AV,1.00000000,20222.29000000,25300,44294441317500,0.21810130,0.01471408
2026-08-12,CTG,Banks - State,AV,1.00000000,32200.00000000,32200,37514342725300,0.17655172,0.01246182
2026-08-12,MCH,Food - Staples & Beverage,AV,1.00000000,136200.00000000,136200,35613710810000,0.22379782,0.01183045
2026-08-12,MSB,Banks - Private,AV,1.00000000,16050.00000000,16050,35053200000000,0.03678277,0.01164425
2026-08-12,VIX,Financial Services,AV,1.00000000,14300.00000000,14300,35039115139999,0.17252902,0.01163957
2026-08-12,VJC,Travel & Leisure,AV,1.00000000,127700.00000000,127700,34374610402800,0.61976634,0.01141884
2026-08-12,GMD,Logistics,AV,1.00000000,77200.00000000,77200,31748336258099,0.68032720,0.01054642
2026-08-12,SSB,Banks - Private,AV,1.00000000,15450.00000000,15450,29136228000000,0.03057385,0.00967871
2026-08-12,VIB,Banks - Private,AV,1.00000000,14800.00000000,14800,27708606473100,0.02907578,0.00920447
2026-08-12,EIB,Banks - Private,AV,1.00000000,18200.00000000,18200,27121211894400,0.02845941,0.00900934
2026-08-12,GEX,Industrial,AV,1.00000000,26150.00000000,26150,23951568154700,0.78008708,0.00795642
2026-08-12,VRE,Real Estate - Commercial,AV,1.00000000,25450.00000000,25450,23132201310200,0.77601814,0.00768424
2026-08-12,TPB,Banks - Private,AV,1.00000000,14700.00000000,14700,22428168988550,0.02353480,0.00745037
2026-08-12,VPL,Travel & Leisure,AV,1.00000000,78400.00000000,78400,21089212669200,0.38023366,0.00700558
2026-08-12,NAB,Banks - Private,AV,1.00000000,11900.00000000,11900,20551988080400,0.02156605,0.00682712
2026-08-12,HCM,Financial Services,AV,1.00000000,26150.00000000,26150,19415595960700,0.09560041,0.00644963
2026-08-12,VND,Financial Services,AV,1.00000000,16800.00000000,16800,19180978795500,0.09444518,0.00637169
2026-08-12,VCI,Financial Services,AV,1.00000000,22050.00000000,22050,19055035462500,0.09382505,0.00632985
2026-08-12,VCK,Financial Services,AV,1.00000000,30800.00000000,30800,18748881874000,0.09231758,0.00622815
2026-08-12,NVL,Real Estate - Residential,AV,1.00000000,13550.00000000,13550,17901411513575,0.02288865,0.00594663
2026-08-12,BID,Banks - State,AV,1.00000000,36738.00000000,39250,17144553467350,0.08068649,0.00569522
2026-08-12,KBC,Real Estate - Industrial,AV,1.00000000,28000.00000000,28000,17139936500500,0.69876432,0.00569368
2026-08-12,TCX,Financial Services,AV,1.00000000,40500.00000000,40500,16854804030000,0.08299133,0.00559896
2026-08-12,PNJ,Consumer Retail,AV,1.00000000,35050.00000000,35050,16142269053800,0.13727588,0.00536227
2026-08-12,FRT,Consumer Retail,AV,1.00000000,148000.00000000,148000,14555545764500,0.12378219,0.00483518
2026-08-12,KDH,Real Estate - Residential,AV,1.00000000,18150.00000000,18150,13239330182250,0.01692774,0.00439795
2026-08-12,SBT,Food - Agriculture,AV,1.00000000,21600.00000000,21600,11747138859600,0.27962639,0.00390226
2026-08-12,DXG,Real Estate - Residential,AV,1.00000000,11150.00000000,11150,11311496310300,0.01446282,0.00375754
2026-08-12,SJS,Real Estate - Residential,AV,1.00000000,47350.00000000,47350,11268346298600,0.01440765,0.00374321
2026-08-12,BSR,Oil & Gas,AV,1.00000000,26500.00000000,26500,10615475196600,0.44329808,0.00352633
2026-08-12,REE,Utilities,AV,1.00000000,47150.00000000,47150,10279391153900,0.31115623,0.00341469
2026-08-12,OCB,Banks - Private,AV,1.00000000,10950.00000000,10950,10060345774950,0.01055674,0.00334193
2026-08-12,VPX,Financial Services,AV,1.00000000,25750.00000000,25750,9656250000000,0.04754639,0.00320769
2026-08-12,GAS,Utilities,AV,1.00000000,80000.00000000,80000,9651799184000,0.29215908,0.00320621
2026-08-12,VPI,Real Estate - Residential,AV,1.00000000,59700.00000000,59700,9553479875000,0.01221503,0.00317355
2026-08-12,CII,Construction Contractors,AV,1.00000000,14200.00000000,14200,9065081637400,0.27677488,0.00301131
2026-08-12,EVF,Financial Services,AV,1.00000000,12500.00000000,12500,9031718894000,0.04447126,0.00300023
2026-08-12,HAG,Food - Agriculture,AV,1.00000000,14150.00000000,14150,8966849925000,0.21344498,0.00297868
2026-08-12,NLG,Real Estate - Residential,AV,1.00000000,22650.00000000,22650,8789964711900,0.01123880,0.00291992
2026-08-12,PVD,Oil & Gas,AV,1.00000000,18700.00000000,18700,8674389578500,0.36223910,0.00288153
2026-08-12,POW,Utilities,AV,1.00000000,13750.00000000,13750,8436575669500,0.25537437,0.00280253
2026-08-12,DIG,Real Estate - Residential,AV,1.00000000,10950.00000000,10950,8284875457525,0.01059300,0.00275214
2026-08-12,BAF,Food - Agriculture,AV,1.00000000,31450.00000000,31450,8031620082850,0.19118297,0.00266801
2026-08-12,PDR,Real Estate - Residential,AV,1.00000000,12100.00000000,12100,7244096118200,0.00926226,0.00240640
2026-08-12,GEE,Industrial,AV,1.00000000,75300.00000000,75300,6752142727780,0.21991292,0.00224298
2026-08-12,TCH,Real Estate - Commercial,AV,1.00000000,12200.00000000,12200,6676639493600,0.22398186,0.00221790
2026-08-12,SAB,Food - Staples & Beverage,AV,1.00000000,46300.00000000,46300,6532090127790,0.04104789,0.00216988
2026-08-12,KDC,Food - Staples & Beverage,AV,1.00000000,51800.00000000,51800,6441608684000,0.04047930,0.00213983
2026-08-12,VCG,Construction Contractors,AV,1.00000000,16150.00000000,16150,6201550465700,0.18934561,0.00206008
2026-08-12,HSG,Steel,AV,1.00000000,10900.00000000,10900,6159414429000,0.05038432,0.00204608
2026-08-12,DPM,Chemicals,AV,1.00000000,22300.00000000,22300,6064931232600,0.33418453,0.00201470
2026-08-12,SIP,Real Estate - Industrial,AV,1.00000000,51100.00000000,51100,5567386972199,0.22697233,0.00184942
2026-08-12,BMP,Building Materials,AV,1.00000000,148500.00000000,148500,5470356735000,0.61228952,0.00181719
2026-08-12,VSC,Logistics,AV,1.00000000,14850.00000000,14850,5281429856300,0.11317445,0.00175443
2026-08-12,PVT,Logistics,AV,1.00000000,20100.00000000,20100,5195035325000,0.11132312,0.00172573
2026-08-12,GVR,Chemicals,AV,1.00000000,32250.00000000,32250,5160000000000,0.28432180,0.00171409
2026-08-12,PC1,Construction Contractors,AV,1.00000000,20750.00000000,20750,5120502438999,0.15633907,0.00170097
2026-08-12,DBC,Food - Agriculture,AV,1.00000000,16700.00000000,16700,5038933571000,0.11994570,0.00167387
2026-08-12,HHV,Construction Contractors,AV,1.00000000,10300.00000000,10300,5029851515550,0.15357132,0.00167086
2026-08-12,DGW,Consumer Retail,AV,1.00000000,41000.00000000,41000,4987180550000,0.04241161,0.00165668
2026-08-12,BVH,Insurance,AV,1.00000000,66800.00000000,66800,4958716331200,1.00000000,0.00164723
2026-08-12,PLX,Oil & Gas,AV,1.00000000,36650.00000000,36650,4656720394400,0.19446282,0.00154691
2026-08-12,VHC,Food - Agriculture,AV,1.00000000,53100.00000000,53100,4448784883600,0.10589793,0.00147783
2026-08-12,VTP,Logistics,AV,1.00000000,55000.00000000,55000,4441473870000,0.09517524,0.00147540
2026-08-12,MSR,Mining,AV,1.00000000,38749.00000000,38800,4281661427502,1.00000000,0.00142232
2026-08-12,DCM,Chemicals,AV,1.00000000,31350.00000000,31350,4149172500000,0.22862407,0.00137831
2026-08-12,NKG,Steel,AV,1.00000000,11200.00000000,11200,4135521270000,0.03382877,0.00137377
2026-08-12,HDG,Real Estate - Residential,AV,1.00000000,16550.00000000,16550,4041086349100,0.00516691,0.00134240
2026-08-12,CTD,Construction Contractors,AV,1.00000000,63500.00000000,63500,3905425895000,0.11924038,0.00129734
2026-08-12,TAL,Real Estate - Residential,AV,1.00000000,24750.00000000,24750,3742197756750,0.00478475,0.00124311
2026-08-12,CTR,Construction Contractors,AV,1.00000000,76500.00000000,76500,3430133088750,0.10472875,0.00113945
2026-08-12,FTS,Financial Services,AV,1.00000000,22450.00000000,22450,3422688836000,0.01685297,0.00113698
2026-08-12,DSE,Financial Services,AV,1.00000000,22750.00000000,22750,3409939001875,0.01679019,0.00113274
2026-08-12,KOS,Real Estate - Residential,AV,1.00000000,35000.00000000,35000,3030738478000,0.00387509,0.00100678
2026-08-12,BWE,Utilities,AV,1.00000000,44400.00000000,44400,2789952154500,0.08445160,0.00092679
2026-08-12,PHR,Chemicals,AV,1.00000000,58500.00000000,58500,2774346078000,0.15286959,0.00092160
2026-08-12,PAN,Food - Agriculture,AV,1.00000000,20700.00000000,20700,2335020408450,0.05558233,0.00077567
2026-08-12,F88,Financial Services,AV,1.00000000,67129.00000000,67300,2334090118240,0.01149282,0.00077536
2026-08-12,CMG,Technology,AV,1.00000000,24700.00000000,24700,2301060873200,0.02181737,0.00076438
2026-08-12,VGC,Building Materials,AV,1.00000000,40800.00000000,40800,2195121600000,0.24569695,0.00072919
2026-08-12,NT2,Utilities,AV,1.00000000,21750.00000000,21750,1878391110750,0.05685873,0.00062398
2026-08-12,BCM,Real Estate - Industrial,AV,1.00000000,44000.00000000,44000,1821600000000,0.07426335,0.00060511
2026-08-12,CTS,Financial Services,AV,1.00000000,22800.00000000,22800,1551796038500,0.00764089,0.00051549
2026-08-12,ANV,Food - Agriculture,AV,1.00000000,18050.00000000,18050,1441774796749,0.03431970,0.00047894
2026-08-12,HT1,Building Materials,AV,1.00000000,13300.00000000,13300,1268786488250,0.14201353,0.00042148
2026-08-12,BSI,Financial Services,AV,1.00000000,29000.00000000,29000,1095800375799,0.00539561,0.00036401
