date,default,tilt,sector_cap
2025-01-02,1.00000000,1.00000000,1.00000000
2025-01-03,0.99900000,0.99900000,0.99900000
2025-01-06,0.99146787,0.99100142,0.98789210
2025-01-07,0.99133781,0.99067060,0.98747136
2025-01-08,0.99343531,0.99420856,0.99368247
2025-01-09,0.98811066,0.98606970,0.98624953
2025-01-10,0.97430842,0.97116801,0.97303698
2025-01-13,0.97791227,0.97546141,0.97746248
2025-01-14,0.96863334,0.96665019,0.96910018
2025-01-15,0.97640961,0.97488033,0.97587039
2025-01-16,0.98009106,0.97881304,0.98101036
2025-01-17,0.98975339,0.98946854,0.98936988
2025-01-20,0.99049953,0.99064952,0.98918502
2025-01-21,0.98811137,0.98820657,0.98857515
2025-01-22,0.98233456,0.98261634,0.98350955
2025-01-23,0.99947631,1.00140367,1.00165639
2025-01-24,1.00328859,1.00569417,1.00590918
2025-02-03,0.98948284,0.99431992,0.99712908
2025-02-04,1.00089363,1.00731701,1.01100031
2025-02-05,1.00345349,1.00992581,1.01172425
2025-02-06,1.00659670,1.01529524,1.01440839
2025-02-07,1.01198379,1.02297495,1.02201661
2025-02-10,0.99965863,1.01200547,1.00624436
2025-02-11,1.00461021,1.01436499,1.00838454
2025-02-12,1.00287554,1.01175403,1.00701599
2025-02-13,1.00527314,1.01477742,1.00898694
2025-02-14,1.00884110,1.01923578,1.01395316
2025-02-17,1.00355934,1.01472877,1.01063443
2025-02-18,1.00767000,1.01934663,1.01616120
2025-02-19,1.01561906,1.02562092,1.02271324
2025-02-20,1.02433717,1.03734422,1.03553623
2025-02-21,1.02824036,1.04412832,1.04236901
2025-02-24,1.03484604,1.05145737,1.05175932
2025-02-25,1.03206739,1.04808563,1.05055556
2025-02-26,1.03288925,1.04783203,1.05248757
2025-02-27,1.03700418,1.05319728,1.05930034
2025-02-28,1.03345709,1.04846970,1.05427031
2025-03-03,1.03729224,1.05076358,1.05872025
2025-03-04,1.04415451,1.06081946,1.06420414
2025-03-05,1.03928054,1.05653947,1.05987543
2025-03-06,1.05465345,1.07400435,1.08095247
2025-03-07,1.06134854,1.08149603,1.08856731
2025-03-10,1.06133266,1.08351089,1.09034101
2025-03-11,1.06520913,1.09111315,1.09827356
2025-03-12,1.06272830,1.08704263,1.09525579
2025-03-13,1.05462349,1.07381765,1.08433180
2025-03-14,1.05287032,1.07495676,1.08414754
2025-03-17,1.05973099,1.08564451,1.09354469
2025-03-18,1.05334769,1.07830247,1.08519395
2025-03-19,1.04220473,1.06764955,1.07353064
2025-03-20,1.04454102,1.07111815,1.07594650
2025-03-21,1.04566659,1.07007066,1.07706353
2025-03-24,1.05661961,1.08018022,1.08728853
2025-03-25,1.05607831,1.07956130,1.08762845
2025-03-26,1.05118982,1.07696656,1.08482677
2025-03-27,1.04839672,1.06970379,1.07736197
2025-03-28,1.04230476,1.06428371,1.07232810
2025-03-31,1.03489952,1.05809775,1.06506921
2025-04-01,1.04459142,1.06903820,1.07607029
2025-04-02,1.04506850,1.06894331,1.07695044
2025-04-03,0.97265272,0.99453255,1.00169886
2025-04-04,0.95589057,0.97632140,0.98026168
2025-04-08,0.89110429,0.90886871,0.91239271
2025-04-09,0.86301077,0.87580357,0.87186087
2025-04-10,0.92301190,0.93663798,0.93255657
2025-04-11,0.96862964,0.98780419,0.98492698
2025-04-14,0.98459138,1.00332975,1.01029936
2025-04-15,0.97062002,0.98937426,1.00195227
2025-04-16,0.95740293,0.98111760,0.98921452
2025-04-17,0.96113636,0.98281525,0.99200063
2025-04-18,0.96583494,0.98627777,0.99278578
2025-04-21,0.95623689,0.97192026,0.97808470
2025-04-22,0.95556351,0.97197057,0.98401469
2025-04-23,0.97193681,0.98993044,1.00101529
2025-04-24,0.98047400,0.99479197,1.01097460
2025-04-25,0.98496856,0.99643304,1.01486001
2025-04-28,0.97959708,0.99603736,1.01201874
2025-04-29,0.98162820,0.99881229,1.01366798
2025-05-05,0.99098580,1.00590961,1.02421811
2025-05-06,0.99553977,1.01081683,1.02725984
2025-05-07,0.99902122,1.01222523,1.02894050
2025-05-08,1.01035671,1.02127853,1.03797406
2025-05-09,1.01046313,1.02085031,1.03595386
2025-05-12,1.02692726,1.03983227,1.04673086
2025-05-13,1.03811290,1.05435710,1.06471538
2025-05-14,1.05264470,1.06985188,1.07403600
2025-05-15,1.05222275,1.07447557,1.07456809
2025-05-16,1.04046184,1.06199417,1.06388252
2025-05-19,1.03796041,1.06143026,1.06157272
2025-05-20,1.05755569,1.08183906,1.08028234
2025-05-21,1.06751089,1.08941159,1.09011954
2025-05-22,1.06041810,1.08145988,1.08386758
2025-05-23,1.06046035,1.07876389,1.08150101
2025-05-26,1.07727571,1.09270215,1.10048906
2025-05-27,1.08368462,1.09811969,1.10800803
2025-05-28,1.08401395,1.09731129,1.11020944
2025-05-29,1.08546374,1.09821300,1.10967518
2025-05-30,1.07656904,1.08714092,1.09886577
2025-06-02,1.07833776,1.08924310,1.09952973
2025-06-03,1.09253040,1.10600166,1.11693907
2025-06-04,1.08998819,1.10000128,1.11106482
2025-06-05,1.08607461,1.09446674,1.10669510
2025-06-06,1.07410028,1.08207981,1.09475706
2025-06-09,1.06184773,1.06926915,1.08313675
2025-06-10,1.06753453,1.07628093,1.08991733
2025-06-11,1.06816076,1.07663101,1.09084535
2025-06-12,1.07892357,1.09035621,1.10373500
2025-06-13,1.07545859,1.08870817,1.10091826
2025-06-16,1.09553659,1.10898183,1.11810371
2025-06-17,1.09997023,1.11337572,1.12290434
2025-06-18,1.10133828,1.11675560,1.12550371
2025-06-19,1.10803722,1.12645412,1.13117876
2025-06-20,1.10965047,1.12818526,1.13370410
2025-06-23,1.11109983,1.12825319,1.13485358
2025-06-24,1.11999720,1.13722328,1.14598622
2025-06-25,1.12029502,1.13608449,1.14799100
2025-06-26,1.11989545,1.13482367,1.14635037
2025-06-27,1.12696596,1.13997242,1.15365233
2025-06-30,1.13085043,1.14276032,1.15555876
2025-07-01,1.12956356,1.14156938,1.15121524
2025-07-02,1.13996089,1.15454518,1.16727927
2025-07-03,1.14315873,1.16094927,1.17636015
2025-07-04,1.15264880,1.16935529,1.18468122
2025-07-07,1.16883689,1.18902911,1.20296320
2025-07-08,1.18281445,1.20204837,1.22070962
2025-07-09,1.19245424,1.21363842,1.23445671
2025-07-10,1.20348426,1.22188028,1.24617524
2025-07-11,1.21179334,1.22964569,1.25570236
2025-07-14,1.21886345,1.23756358,1.26158965
2025-07-15,1.21004605,1.22884208,1.25485795
2025-07-16,1.21898530,1.23923242,1.26674225
2025-07-17,1.23183822,1.24753376,1.27990947
2025-07-18,1.24552234,1.26378610,1.29233401
2025-07-21,1.23883665,1.25925761,1.28289455
2025-07-22,1.25738767,1.27477095,1.30230865
2025-07-23,1.26146146,1.28129348,1.30415618
2025-07-24,1.26697812,1.28667722,1.30480881
2025-07-25,1.28195923,1.30330732,1.32025502
2025-07-28,1.30402606,1.32680281,1.34448105
2025-07-29,1.24091706,1.25851938,1.27682573
2025-07-30,1.26099613,1.28339425,1.29786204
2025-07-31,1.25611823,1.27854018,1.29120808
2025-08-01,1.25697739,1.28165904,1.29293126
2025-08-04,1.28565090,1.31367914,1.32317797
2025-08-05,1.30585205,1.33794543,1.34749129
2025-08-06,1.33460191,1.37514411,1.38567248
2025-08-07,1.34772905,1.39514435,1.40067049
2025-08-08,1.34421936,1.38835636,1.39330164
2025-08-11,1.34775167,1.38954839,1.39510935
2025-08-12,1.35373896,1.39488580,1.40069956
2025-08-13,1.35269754,1.39405177,1.40412199
2025-08-14,1.38415447,1.43863680,1.43199897
2025-08-15,1.37693662,1.43248511,1.42340605
2025-08-18,1.38390542,1.44311631,1.42975153
2025-08-19,1.41449954,1.48465730,1.45111517
2025-08-20,1.42740408,1.50276581,1.46038251
2025-08-21,1.45951965,1.54508754,1.48748895
2025-08-22,1.40145761,1.47426924,1.42978626
2025-08-25,1.36628685,1.42020585,1.38953251
2025-08-26,1.42265115,1.48565343,1.46047943
2025-08-27,1.42378648,1.47954548,1.45758850
2025-08-28,1.43690224,1.49698030,1.47606830
2025-08-29,1.44230875,1.51389660,1.48994395
2025-09-03,1.43845181,1.50410444,1.48172006
2025-09-04,1.45275397,1.52141642,1.50508316
2025-09-05,1.42666501,1.48609393,1.46700709
2025-09-08,1.39027954,1.43999512,1.43199764
2025-09-09,1.40414265,1.46062499,1.44986473
2025-09-10,1.40756952,1.46571331,1.45350669
2025-09-11,1.41571426,1.46931855,1.46612740
2025-09-12,1.42073235,1.46966716,1.47105220
2025-09-15,1.43067730,1.47916743,1.48369130
2025-09-16,1.43059941,1.48065302,1.48210171
2025-09-17,1.41385261,1.45618600,1.45679820
2025-09-18,1.40584753,1.45029002,1.45366915
2025-09-19,1.39771913,1.44088206,1.44835382
2025-09-22,1.36564295,1.40417168,1.41007557
2025-09-23,1.36687961,1.41079405,1.41763569
2025-09-24,1.39509828,1.45163277,1.44682598
2025-09-25,1.39386174,1.44817828,1.44639816
2025-09-26,1.38277003,1.43432342,1.43346194
2025-09-29,1.38842986,1.44463485,1.44176558
2025-09-30,1.38566995,1.44437688,1.44091045
2025-10-01,1.39244481,1.45032821,1.44420601
2025-10-02,1.38010459,1.43974987,1.43088204
2025-10-03,1.37008554,1.42437266,1.41828860
2025-10-06,1.42238343,1.48416053,1.47513239
2025-10-07,1.41165853,1.47082671,1.46390031
2025-10-08,1.42806501,1.48518665,1.48448163
2025-10-09,1.45699879,1.51240869,1.51415906
2025-10-10,1.48509324,1.53392812,1.54284925
2025-10-13,1.49876599,1.54868922,1.55454579
2025-10-14,1.49754896,1.54716091,1.55276299
2025-10-15,1.49551935,1.54917779,1.54632317
2025-10-16,1.49788176,1.54650724,1.54197396
2025-10-17,1.46200568,1.51182253,1.50915043
2025-10-20,1.37452532,1.41707548,1.41387584
2025-10-21,1.39755423,1.43972149,1.43527837
2025-10-22,1.41364783,1.45274700,1.45066467
2025-10-23,1.41033166,1.44739811,1.44890869
2025-10-24,1.40319576,1.43489684,1.44285964
2025-10-27,1.36018337,1.38840632,1.39209835
2025-10-28,1.38574268,1.41618173,1.41364062
2025-10-29,1.39153104,1.42574752,1.41839804
2025-10-30,1.38175963,1.41226526,1.40850941
2025-10-31,1.35960883,1.38923346,1.38393013
2025-11-03,1.33223239,1.35392916,1.35316386
2025-11-04,1.36867759,1.39799154,1.39248594
2025-11-05,1.35862554,1.38403225,1.38125363
2025-11-06,1.34247672,1.36501035,1.36632794
2025-11-07,1.30239973,1.32397077,1.31858606
2025-11-10,1.28191338,1.31398826,1.30381107
2025-11-11,1.29691247,1.32636933,1.32032722
2025-11-12,1.33211954,1.35965796,1.35489119
2025-11-13,1.32830601,1.35412284,1.34861373
2025-11-14,1.33378323,1.35785300,1.35510158
2025-11-17,1.34890319,1.37252795,1.37247979
2025-11-18,1.36025945,1.38724116,1.38732760
2025-11-19,1.35007534,1.37751722,1.37862260
2025-11-20,1.35322410,1.37745672,1.37549584
2025-11-21,1.35359053,1.37365882,1.37474350
2025-11-24,1.36348325,1.37712869,1.37963088
2025-11-25,1.35385127,1.36226870,1.36555541
2025-11-26,1.36799425,1.38035420,1.38292049
2025-11-27,1.36479220,1.37749619,1.37881673
2025-11-28,1.36243486,1.37574057,1.37589799
2025-12-01,1.36540467,1.37217801,1.37684746
2025-12-02,1.37736773,1.38304293,1.38827787
2025-12-03,1.40097349,1.41774367,1.42269298
2025-12-04,1.40567528,1.42830664,1.42999013
2025-12-05,1.39659381,1.41626712,1.42218956
2025-12-08,1.39327270,1.40963872,1.41787457
2025-12-09,1.37191548,1.38653100,1.39754035
2025-12-10,1.36244062,1.38440665,1.39091171
2025-12-11,1.34565436,1.36749527,1.37560558
2025-12-12,1.29104285,1.31257044,1.32151474
2025-12-15,1.29448713,1.31832228,1.32431511
2025-12-16,1.33348999,1.36162915,1.36691873
2025-12-17,1.32550786,1.35118955,1.35538504
2025-12-18,1.33020555,1.35727475,1.35698561
2025-12-19,1.35551223,1.37886326,1.38243045
2025-12-22,1.39136063,1.41716489,1.41871906
2025-12-23,1.40635292,1.42766043,1.43649651
2025-12-24,1.42872606,1.45043896,1.46298720
2025-12-25,1.39620372,1.41651336,1.42522907
2025-12-26,1.38342653,1.40761854,1.41693453
2025-12-29,1.40812236,1.42353846,1.43986352
2025-12-30,1.41628932,1.43400207,1.44675608
2025-12-31,1.43545010,1.45240787,1.46317432
2026-01-05,1.44292530,1.45174698,1.47041184
2026-01-06,1.47959795,1.48658185,1.50927014
2026-01-07,1.51709268,1.52203153,1.55101707
2026-01-08,1.48923383,1.50152445,1.52617279
2026-01-09,1.48759019,1.49889878,1.52873895
2026-01-12,1.49854238,1.52889794,1.54839435
2026-01-13,1.50914282,1.53411861,1.55870016
2026-01-14,1.48383339,1.50618160,1.53352244
2026-01-15,1.46452086,1.48972000,1.50801070
2026-01-16,1.47662437,1.49675630,1.52225262
2026-01-19,1.48694235,1.50741484,1.52847068
2026-01-20,1.47769072,1.49996183,1.51856249
2026-01-21,1.46835771,1.48829493,1.50728193
2026-01-22,1.46583657,1.48883251,1.50576814
2026-01-23,1.46543498,1.49277826,1.51004549
2026-01-26,1.43006872,1.45692919,1.47454916
2026-01-27,1.41416846,1.44416633,1.45741512
2026-01-28,1.39641986,1.42661281,1.44138938
2026-01-29,1.41175760,1.44011543,1.46182800
2026-01-30,1.42478958,1.46167109,1.48000663
2026-02-02,1.39536873,1.43922344,1.45374151
2026-02-03,1.39320763,1.43550395,1.45028546
2026-02-04,1.37703344,1.43091824,1.43920482
2026-02-05,1.38072747,1.42775833,1.44205546
2026-02-06,1.35716307,1.40137215,1.41611341
2026-02-09,1.35247291,1.39896259,1.41208257
2026-02-10,1.36446680,1.40938343,1.42571432
2026-02-11,1.39806948,1.44993771,1.46243685
2026-02-12,1.41915761,1.46982195,1.48688550
2026-02-13,1.42486323,1.47818416,1.49689871
2026-02-23,1.44375009,1.49753702,1.51822414
2026-02-24,1.45028444,1.50498538,1.52671570
2026-02-25,1.43865930,1.50200692,1.52180987
2026-02-26,1.44622096,1.51128135,1.53287034
2026-02-27,1.44442479,1.51041220,1.53377076
2026-03-02,1.39342853,1.45530392,1.47798454
2026-03-03,1.35711730,1.41816373,1.44010583
2026-03-04,1.34968076,1.40774883,1.43372339
2026-03-05,1.33972474,1.39805565,1.42166907
2026-03-06,1.31883415,1.37497156,1.39577202
2026-03-09,1.22934100,1.27983312,1.29931447
2026-03-10,1.26549931,1.32493683,1.34203297
2026-03-11,1.31384298,1.37238007,1.39546233
2026-03-12,1.29803863,1.35212024,1.37606833
2026-03-13,1.29799425,1.34720724,1.36787198
2026-03-16,1.30607849,1.35309330,1.37536865
2026-03-17,1.32397171,1.37137704,1.39695131
2026-03-18,1.32483282,1.37090551,1.39692871
2026-03-19,1.31940093,1.36334515,1.38821309
2026-03-20,1.28803159,1.33163864,1.35409420
2026-03-23,1.25036659,1.29033551,1.31190768
2026-03-24,1.27705272,1.32021715,1.33981769
2026-03-25,1.32359806,1.37089433,1.39362510
2026-03-26,1.30738136,1.35594431,1.37955852
2026-03-27,1.33069239,1.38129302,1.40682126
2026-03-30,1.32546551,1.37523028,1.40153933
2026-03-31,1.33117308,1.38232131,1.40721147
2026-04-01,1.36074229,1.40720906,1.43682255
2026-04-02,1.37250552,1.41444340,1.45043115
2026-04-03,1.36175644,1.40076588,1.43709658
2026-04-06,1.34901049,1.38634214,1.42254532
2026-04-07,1.34388786,1.38079220,1.41644413
2026-04-08,1.41715136,1.45785318,1.49583405
2026-04-09,1.40918193,1.44905897,1.48808266
2026-04-10,1.41511822,1.45795949,1.49284280
2026-04-13,1.41485295,1.45578535,1.49522593
2026-04-14,1.43543524,1.47696108,1.51933687
2026-04-15,1.45285552,1.48775487,1.53508996
2026-04-16,1.46257944,1.49407865,1.54415599
2026-04-17,1.45913352,1.50054474,1.54703875
2026-04-20,1.48921673,1.52681391,1.57888879
2026-04-21,1.48147361,1.51706403,1.56955491
2026-04-22,1.49302726,1.52478928,1.58037032
2026-04-23,1.48602471,1.51715407,1.56951813
2026-04-24,1.46791151,1.50408693,1.54707426
2026-04-28,1.49265925,1.52350531,1.57471807
2026-04-29,1.47595073,1.50366165,1.55326683
2026-05-04,1.46277108,1.49314386,1.53997221
2026-05-05,1.48261274,1.50771182,1.55849512
2026-05-06,1.49615559,1.52573628,1.57744302
2026-05-07,1.52135165,1.54574410,1.60222085
2026-05-08,1.52385355,1.54634301,1.60441161
2026-05-11,1.50359139,1.52966797,1.58457879
2026-05-12,1.50444922,1.52943220,1.58213626
2026-05-13,1.49537851,1.52090650,1.57454002
2026-05-14,1.51672390,1.54114805,1.59246251
2026-05-15,1.51449962,1.53749350,1.58761122
2026-05-18,1.50685641,1.52538169,1.57413250
2026-05-19,1.49844916,1.51475676,1.57031196
2026-05-20,1.49314728,1.50401656,1.55951616
2026-05-21,1.49331145,1.50735464,1.56460753
2026-05-22,1.47790540,1.49551829,1.55229837
2026-05-25,1.49315869,1.51332109,1.56586638
2026-05-26,1.49762200,1.52133669,1.56886217
2026-05-27,1.49102323,1.52163957,1.56352124
2026-05-28,1.48499679,1.50884220,1.55493514
2026-05-29,1.48358143,1.50536723,1.54994232
2026-06-01,1.47352459,1.49613912,1.54212478
2026-06-02,1.45374134,1.47273620,1.51732146
2026-06-03,1.45837242,1.47798626,1.52226539
2026-06-04,1.46490200,1.48440824,1.52807185
2026-06-05,1.46417826,1.48354021,1.52518874
2026-06-08,1.43035136,1.45027731,1.49491781
2026-06-09,1.43840202,1.45989030,1.50136560
2026-06-10,1.44786743,1.46876757,1.51176076
2026-06-11,1.43786071,1.45817073,1.49965675
2026-06-12,1.42674397,1.44829711,1.48583452
2026-06-15,1.43986608,1.46655103,1.51132449
2026-06-16,1.44411843,1.47239338,1.52103586
2026-06-17,1.43936980,1.46635775,1.51592379
2026-06-18,1.45401261,1.48065499,1.53198898
2026-06-19,1.44763281,1.47360867,1.52679242
2026-06-22,1.46664190,1.49037971,1.54688051
2026-06-23,1.47012418,1.49979764,1.54739256
2026-06-24,1.48258570,1.51315627,1.56150784
2026-06-25,1.47795793,1.51087696,1.55602982
2026-06-26,1.48833835,1.52174857,1.56798383
2026-06-29,1.48722182,1.52324091,1.56662294
2026-06-30,1.48796732,1.52127318,1.56646566
2026-07-01,1.50124647,1.53816803,1.58028878
2026-07-02,1.50180981,1.54058379,1.58454157
2026-07-03,1.50193703,1.53995491,1.58230616
2026-07-06,1.49674156,1.53240998,1.57350528
2026-07-07,1.49555790,1.53767603,1.57566602
2026-07-08,1.49691419,1.53973517,1.57843973
2026-07-09,1.48347828,1.52553115,1.56472329
2026-07-10,1.46335271,1.50131728,1.54008679
2026-07-13,1.44070071,1.48050888,1.51514384
2026-07-14,1.44116675,1.48131461,1.51402394
2026-07-15,1.41580902,1.46062053,1.49353125
2026-07-16,1.45033440,1.49602487,1.53149416
2026-07-17,1.43890738,1.48511485,1.52013129
2026-07-20,1.39938750,1.44195974,1.47737588
2026-07-21,1.39732213,1.44422370,1.47902869
2026-07-22,1.34779304,1.39394449,1.42335179
2026-07-23,1.36757384,1.41119153,1.44433058
2026-07-24,1.35307244,1.39392744,1.42384868
2026-07-27,1.33723896,1.37242445,1.40063172
2026-07-28,1.34929958,1.38492102,1.41661460
2026-07-29,1.37650766,1.40624808,1.44655095
2026-07-30,1.42004343,1.44752074,1.49473124
2026-07-31,1.41307151,1.43798415,1.48911923
2026-08-03,1.43957122,1.46853185,1.51621159
2026-08-04,1.45380119,1.47908441,1.52790565
2026-08-05,1.45098764,1.47727689,1.52670175
2026-08-06,1.44407562,1.46706910,1.51779100
2026-08-07,1.43306148,1.46042222,1.50691743
2026-08-10,1.44783832,1.48279327,1.52336390
2026-08-11,1.44604500,1.48073881,1.52420340
2026-08-12,1.45847923,1.49283990,1.53508256
2026-08-13,1.43761065,1.47344023,1.51501315
2026-08-14,1.40856325,1.44908680,1.48312990
2026-08-17,1.40920479,1.44828368,1.48476930
2026-08-18,1.41087467,1.44605754,1.48572920
