ticker,company_name,exchange,icb_l2,group,close_raw,outstanding_shares,free_float,free_float_ratio,float_cap,market_cap_vendor,mcap_gap,sessions_21,value_21,adv_21,turnover_21_pct,fol_limit,adj_factor
ACB,Asia Commercial Bank,HOSE,Banks,Banks - Private,22050,5804421957,4933758663,0.8499999999,1.087893785e+14,1.279875042e+14,0,21,3.674522459e+12,1.7497726e+11,0.1608403893,,1
ANV,Nam Viet,HOSE,Food & Beverage,Food - Agriculture,15650,266255750,79876725,0.3,1.250070746e+12,4.166902488e+12,0,21,1.777161678e+11,8462674657,0.6769756578,,1
BAF,BAF Vietnam Agriculture,HOSE,Food & Beverage,Food - Agriculture,32050,364824906,255377434,0.6999999995,8.18484676e+12,1.169263824e+13,0,21,1.866417169e+12,8.887700807e+10,1.085872597,,1
BCM,Becamex Group,HOSE,Real Estate,Real Estate - Industrial,38850,1035000000,41400000,0.04,1.60839e+12,4.020975e+13,0,21,9.482566851e+11,4.515508024e+10,2.80747084,,1
BID,BIDV,HOSE,Banks,Banks - State,35600,7778229473,466693768,0.05999999995,1.661429814e+13,2.769049692e+14,0,21,2.795668671e+12,1.331270796e+11,0.8012801891,,1
BMP,Binh Minh Plastics,HOSE,Construction & Materials,Building Materials,140300,81860938,36837422,0.4499999988,5.168290307e+12,1.14850896e+13,0,21,2.126181644e+11,1.01246745e+10,0.1958998797,,1
BSI,BIDV Securities,HOSE,Financial Services,Financial Services,26800,269901549,37786216,0.1399999968,1.012670589e+12,7.233361513e+12,0,21,2.287550005e+11,1.089309526e+10,1.075680027,,1
BSR,PetroVietnam Refining and Petrochemical,HOSE,Oil & Gas,Oil & Gas,27550,5007299686,400583974,0.07999999982,1.103608848e+13,1.379511063e+14,0,21,5.566087851e+12,2.650518024e+11,2.401682469,,1
BVH,Bao Viet Group,HOSE,Insurance,Insurance,64000,742322764,74232276,0.09999999946,4.750865664e+12,4.75086569e+13,0,21,6.050781409e+11,2.88132448e+10,0.6064840987,,1
BWE,Binh Duong Water Environment,HOSE,Utilities,Utilities,41650,251347021,62836755,0.249999999,2.617150846e+12,1.046860342e+13,0,21,3.774692745e+10,1797472736,0.06868051716,,1
CII,Ho Chi Minh Infrastructure,HOSE,Construction & Materials,Construction Contractors,13250,671985291,638386026,0.9499999993,8.458614844e+12,8.903805106e+12,0,21,2.933308293e+12,1.396813473e+11,1.651350131,,1
CMG,CMC Corporation,HOSE,Technology,Technology,23350,232891908,93156763,0.3999999991,2.175210416e+12,5.438026052e+12,0,21,6.746443905e+10,3212592336,0.1476911067,,1
CTD,COTECCONS construction,HOSE,Construction & Materials,Construction Contractors,58000,111823220,61502771,0.55,3.567160718e+12,6.48574676e+12,0,21,3.299402067e+11,1.571143841e+10,0.4404466088,,1
CTG,VietinBank,HOSE,Banks,Banks - State,29950,7766944637,1165041695,0.1499999999,3.489299877e+13,2.326199919e+14,0,21,4.93141668e+12,2.348293657e+11,0.6729985213,,1
CTR,Viettel Construction,HOSE,Construction & Materials,Construction Contractors,74000,128109533,44838336,0.3499999957,3.318036864e+12,9.480105442e+12,0,21,4.284194884e+11,2.040092802e+10,0.6148493478,,1
CTS,Vietinbank Securities,HOSE,Financial Services,Financial Services,21500,272244939,68061234,0.2499999972,1.463316531e+12,5.853266188e+12,0,21,8.041352096e+11,3.829215284e+10,2.616805867,,1
DBC,DABACO,HOSE,Food & Beverage,Food - Agriculture,16000,431046499,301732549,0.6999999993,4.827720784e+12,6.896743984e+12,0,21,9.327769051e+11,4.441794786e+10,0.9200604146,,1
DCM,PetroVietnam Camau Fertilizer,HOSE,Chemicals,Chemicals,32500,529400000,132350000,0.25,4.301375e+12,1.72055e+13,0,21,1.999771074e+12,9.522719402e+10,2.213877981,,1
DGW,Digiworld Corp.,HOSE,Retail,Consumer Retail,44400,223361000,122848550,0.55,5.45447562e+12,9.9172284e+12,0,21,1.724948153e+12,8.214038826e+10,1.505926398,,1
DIG,DIC Corp,HOSE,Real Estate,Real Estate - Residential,10050,844217062,802006208,0.9499999989,8.06016239e+12,8.484381473e+12,0,21,1.468696472e+12,6.993792726e+10,0.8676987369,,1
DPM,Petrovietnam Fertilizer and Chemicals,HOSE,Chemicals,Chemicals,22400,679925021,271970008,0.3999999994,6.092128179e+12,1.523032047e+13,0,21,1.393631477e+12,6.636340367e+10,1.08933039,,1
DSE,DNSE Securities,HOSE,Financial Services,Financial Services,21800,428249806,149887432,0.3499999998,3.267546018e+12,9.335845771e+12,0,21,2.595888243e+11,1.236137259e+10,0.3783075286,,1
DXG,Bluemarq Group,HOSE,Real Estate,Real Estate - Residential,10750,1268104965,1014483972,0.8,1.09057027e+13,1.363212837e+13,0,21,2.865965249e+12,1.364745357e+11,1.251405246,,1
EIB,Eximbank,HOSE,Banks,Banks - Private,16800,1862720607,1490176485,0.7999999997,2.503496495e+13,3.12937062e+13,0,21,2.671447774e+12,1.272117988e+11,0.5081365164,,1
EVF,EVN General Finance,HOSE,Financial Services,Financial Services,11700,760565802,722537511,0.9499999988,8.453688879e+12,8.898619883e+12,0,21,4.46324375e+11,2.125354167e+10,0.2514114486,,1
FPT,FPT Corp,HOSE,Technology,Technology,72700,1714326422,1457177458,0.8499999996,1.059368012e+14,1.246315309e+14,0,21,1.149000839e+13,5.471432567e+11,0.5164808174,,1
FRT,FPT Retail,HOSE,Retail,Consumer Retail,137000,178815054,98348279,0.5499999961,1.347371422e+13,2.44976624e+13,0,21,2.167212796e+12,1.032006094e+11,0.7659403164,,1
FTS,FPT Securities,HOSE,Financial Services,Financial Services,20550,381145750,152458300,0.4,3.133018065e+12,7.832545162e+12,0,21,4.116071157e+11,1.960033884e+10,0.6256056759,,1
GAS,PetroVietnam Gas,HOSE,Utilities,Utilities,82900,2412949756,120647487,0.04999999967,1.000167667e+13,2.000335348e+14,0,21,2.911317832e+12,1.386341825e+11,1.38610942,,1
GEE,GELEX Electricity,HOSE,Industrial Goods & Services,Industrial,62000,640499211,89669889,0.1399999992,5.559533118e+12,3.971095108e+13,0,21,2.086036341e+12,9.933506386e+10,1.786751904,,1
GEX,Gelex Group JSC,HOSE,Industrial Goods & Services,Industrial,23950,1308471358,915929950,0.6999999995,2.19365223e+13,3.133788902e+13,0,21,6.081432053e+12,2.895920025e+11,1.32013634,,1
GMD,Gemadept Group,HOSE,Industrial Goods & Services,Logistics,74600,432892509,411247883,0.9499999987,3.067909207e+13,3.229378117e+13,0,21,3.206901197e+12,1.527095808e+11,0.4977643421,,1
GVR,Viet Nam Rubber Group,HOSE,Chemicals,Chemicals,30000,4000000000,160000000,0.04,4.8e+12,1.2e+14,0,21,1.698988635e+12,8.090422072e+10,1.685504598,,1
HAG,HAGL Joint Stock Company,HOSE,Food & Beverage,Food - Agriculture,13600,1267399283,633699641,0.4999999996,8.618315118e+12,1.723663025e+13,0,21,5.991840978e+11,2.853257608e+10,0.3310690743,,1
HCM,HSC Securities,HOSE,Financial Services,Financial Services,25500,1349945838,742470210,0.5499999993,1.893299036e+13,3.442361887e+13,0,21,4.513801819e+12,2.149429438e+11,1.135282593,,1
HDB,HDBank,HOSE,Banks,Banks - Private,26800,5005276323,4004221058,0.7999999999,1.073131244e+14,1.341414055e+14,0,21,9.376858457e+12,4.465170694e+11,0.416088034,,1
HDG,HA DO Construction,HOSE,Real Estate,Real Estate - Residential,15950,406957333,244174399,0.599999998,3.894581664e+12,6.490969461e+12,0,21,4.32318581e+11,2.05865991e+10,0.5285959025,,1
HHV,Deo Ca Traffic Infrastructure Investment,HOSE,Construction & Materials,Construction Contractors,9540,574511888,488335104,0.8499999986,4.658716892e+12,5.480843412e+12,0,21,6.14796334e+11,2.927601591e+10,0.6284137153,,1
HPG,Hoa Phat Group,HOSE,Basic Resources,Steel,21300,8442964520,5065778712,0.6,1.079010866e+14,1.798351443e+14,0,21,9.34382038e+12,4.449438276e+11,0.4123626942,,1
HSG,Hoa Sen Group,HOSE,Basic Resources,Steel,10200,807262704,565083892,0.699999999,5.763855698e+12,8.234079581e+12,0,21,4.913602448e+11,2.339810689e+10,0.4059453969,,1
HT1,VICEM Ha Tien,HOSE,Construction & Materials,Building Materials,12100,381589911,95397477,0.249999998,1.154309472e+12,4.617237923e+12,0,21,5.130351675e+10,2443024607,0.2116438154,,1
KBC,Kinh Bac Urban Development,HOSE,Real Estate,Real Estate - Industrial,26500,941754759,612140593,0.6499999996,1.622172571e+13,2.495650111e+13,0,21,1.216105506e+12,5.790978599e+10,0.3569890591,,1
KDC,KIDO Group,HOSE,Food & Beverage,Food - Staples & Beverage,51300,276345300,124355385,0.45,6.37943125e+12,1.417651389e+13,0,21,2.095443806e+12,9.978303839e+10,1.564136903,,1
KDH,Khang Dien House,HOSE,Real Estate,Real Estate - Residential,16300,1122214899,729439684,0.6499999997,1.188986685e+13,1.829210285e+13,0,21,2.076298242e+12,9.887134485e+10,0.8315597315,,1
KOS,KOSY Company,HOSE,Real Estate,Real Estate - Residential,33250,216481335,86592534,0.4,2.879201756e+12,7.198004389e+12,0,21,5.475409822e+11,2.60733801e+10,0.9055766952,,1
LPB,LPBank,HOSE,Banks,Banks - Private,46700,2987282100,2688553890,0.9,1.255554667e+14,1.395060741e+14,0,21,4.346270459e+12,2.069652599e+11,0.1648397043,,1
MBB,MBBank,HOSE,Banks,Banks - State,19750,10068749885,5034374942,0.5,9.94289051e+13,1.988578102e+14,0,21,5.113369755e+12,2.434937978e+11,0.2448923656,,1
MCH,Masan Consumer,HOSE,Food & Beverage,Food - Staples & Beverage,141800,1307404949,261480989,0.1999999994,3.707800424e+13,1.853900218e+14,0,21,1.311014253e+12,6.242925013e+10,0.1683727358,,1
MSB,MSB Bank,HOSE,Banks,Banks - Private,12950,3744000000,2620800000,0.7,3.393936e+13,4.84848e+13,0,21,6.270206769e+12,2.985812747e+11,0.8797492785,,1
MSN,Masan Group,HOSE,Food & Beverage,Food - Staples & Beverage,66500,1460374611,876224766,0.5999999996,5.826894694e+13,9.711491163e+13,0,21,6.410615872e+12,3.052674225e+11,0.523893838,,1
MWG,Mobile World Investment,HOSE,Retail,Consumer Retail,71300,1475765646,1106824234,0.7499999997,7.891656788e+13,1.052220906e+14,0,21,6.191293924e+12,2.948235202e+11,0.3735888776,,1
NAB,Nam A Bank,HOSE,Banks,Banks - Private,11200,2158822282,1727057825,0.7999999997,1.934304764e+13,2.417880956e+13,0,21,4.70090886e+11,2.238528028e+10,0.1157277834,,1
NKG,Nam Kim Steel,HOSE,Basic Resources,Steel,10200,492323961,369242970,0.7499999985,3.766278294e+12,5.021704402e+12,0,21,3.283309269e+11,1.563480604e+10,0.415126149,,1
NLG,Nam Long Investment,HOSE,Real Estate,Real Estate - Residential,24700,485097383,388077906,0.7999999992,9.585524278e+12,1.198190536e+13,0,21,1.548749586e+12,7.374998027e+10,0.7693891135,,1
NT2,Nhon Trach 2 Power,HOSE,Utilities,Utilities,20500,287876029,86362808,0.2999999976,1.770437564e+12,5.901458594e+12,0,21,2.704428586e+11,1.287823136e+10,0.7274038702,,1
NVL,Novaland,HOSE,Real Estate,Real Estate - Residential,12200,2402067972,1321137384,0.5499999998,1.611787608e+13,2.930522926e+13,0,21,3.789565528e+12,1.804555013e+11,1.119598515,,1
OCB,OCB Bank,HOSE,Banks,Banks - Private,10200,3062510126,918753037,0.2999999997,9.371280977e+12,3.123760329e+13,0,21,1.142719735e+12,5.441522546e+10,0.5806594167,,1
PAN,The PAN Group,HOSE,Food & Beverage,Food - Agriculture,18200,250673166,112802924,0.4499999972,2.053013217e+12,4.562251621e+12,0,21,3.156575014e+11,1.503130959e+10,0.7321584423,,1
PC1,PC1 Group,HOSE,Construction & Materials,Construction Contractors,20400,411285343,246771205,0.5999999981,5.034132582e+12,8.390220997e+12,0,21,6.765276848e+11,3.221560404e+10,0.639943496,,1
PDR,Phat Dat Real Estate,HOSE,Real Estate,Real Estate - Residential,11750,997809379,598685627,0.5999999996,7.034556117e+12,1.17242602e+13,0,21,1.360058622e+12,6.476469629e+10,0.920665003,,1
PHR,Phuoc Hoa rubber,HOSE,Chemicals,Chemicals,32800,243898556,85364494,0.3499999975,2.799955403e+12,7.999872637e+12,0,21,6.211471739e+11,2.957843685e+10,1.05638957,,1
PLX,Petrolimex,HOSE,Oil & Gas,Oil & Gas,35200,1270592235,127059223,0.09999999961,4.47248465e+12,4.472484667e+13,0,21,3.207319065e+12,1.527294793e+11,3.414868719,,1
PNJ,Phu Nhuan Jewelry,HOSE,Personal & Household Goods,Consumer Retail,37300,511721959,460549763,0.8999999998,1.717850616e+13,1.908722907e+13,0,21,4.592325129e+12,2.18682149e+11,1.272998635,,1
POW,PV Power,HOSE,Utilities,Utilities,12600,3067845688,613569137,0.1999999998,7.730971126e+12,3.865485567e+13,0,21,2.980123998e+12,1.419106666e+11,1.835612425,,1
PVD,PetroVietNam Drilling & Well,HOSE,Oil & Gas,Oil & Gas,18550,927742191,463871095,0.4999999995,8.604808812e+12,1.720961764e+13,0,21,3.171972109e+12,1.510462909e+11,1.755370679,,1
PVT,PVTrans,HOSE,Industrial Goods & Services,Logistics,22100,516918938,258459469,0.5,5.711954265e+12,1.142390853e+13,0,21,2.273550687e+12,1.082643184e+11,1.895398902,,1
REE,Refrigeration Electrical Engineering,HOSE,Utilities,Utilities,44950,623399036,218189662,0.349999999,9.807625307e+12,2.802178667e+13,0,21,2.772764696e+11,1.320364141e+10,0.1346262831,,1
SAB,SABECO,HOSE,Food & Beverage,Food - Staples & Beverage,43850,1282562372,141081860,0.1099999993,6.186439561e+12,5.624036001e+13,0,21,6.885733896e+11,3.278920903e+10,0.5300174471,,1
SBT,Thanh Thanh Cong - Bien Hoa Sugar,HOSE,Food & Beverage,Food - Agriculture,22900,906415042,543849025,0.5999999998,1.245414267e+13,2.075690446e+13,0,21,1.932577077e+12,9.202747987e+10,0.7389306698,,1
SHB,SHB,HOSE,Banks,Banks - Private,11550,5343703838,4007777878,0.7499999999,4.628983449e+13,6.171977933e+13,0,21,1.304082068e+13,6.209914611e+11,1.3415288,,1
SIP,SVGR CORP,HOSE,Real Estate,Real Estate - Industrial,48500,242112943,108950824,0.4499999986,5.284114964e+12,1.174247774e+13,0,21,1.082510316e+11,5154811031,0.09755296897,,1
SJS,SJ Group,HOSE,Real Estate,Real Estate - Residential,56600,297474828,237979862,0.7999999987,1.346966019e+13,1.683707526e+13,0,21,5.417353971e+11,2.579692367e+10,0.1915187414,,1
SSB,SeABank,HOSE,Banks,Banks - Private,18300,3468800000,1907840000,0.55,3.4913472e+13,6.347904e+13,0,21,2.988992259e+12,1.423329647e+11,0.4076734755,,1
SSI,SSI Securities,HOSE,Financial Services,Financial Services,20300,3001302333,2100911633,0.7,4.264850615e+13,6.092643736e+13,0,21,1.068125959e+13,5.086314092e+11,1.192612485,,1
STB,Sacombank,HOSE,Banks,Banks - Private,77300,1885215716,1790954930,0.9499999999,1.384408161e+14,1.457271748e+14,0,21,8.164149052e+12,3.887690025e+11,0.2808196408,,1
TAL,Taseco Land,HOSE,Real Estate,Real Estate - Residential,22150,503999708,151199912,0.2999999992,3.349078051e+12,1.116359353e+13,0,21,8.27766724e+10,3941746305,0.1176964599,,1
TCB,Techcombank,HOSE,Banks,Banks - Private,31600,7086240414,3897432227,0.5499999999,1.231588584e+14,2.239251971e+14,0,21,1.340587361e+13,6.383749338e+11,0.5183345658,,1
TCH,Hoang Huy Investment Financial Services,HOSE,Real Estate,Real Estate - Commercial,11700,1003312808,601987684,0.5999999992,7.043255903e+12,1.173875985e+13,0,21,1.585367082e+12,7.549367055e+10,1.071857556,,1
TCX,TCBS Securities,HOSE,Financial Services,Financial Services,38100,2774453325,416167998,0.1499999997,1.585600072e+13,1.057066717e+14,0,21,1.753071471e+12,8.347959387e+10,0.5264858101,,1
TPB,TPBank,HOSE,Banks,Banks - Private,14150,2774046873,1525725780,0.5499999999,2.158901979e+13,3.925276325e+13,0,21,1.854078031e+12,8.828943006e+10,0.408955251,,1
VCB,Vietcombank,HOSE,Banks,Banks - State,58200,8355675094,919124260,0.11,5.349303193e+13,4.863002905e+14,0,21,5.886418316e+12,2.803056341e+11,0.5240040132,,1
VCG,Vinaconex Group,HOSE,Construction & Materials,Construction Contractors,15050,698176245,383996934,0.5499999989,5.779153857e+12,1.050755249e+13,0,21,7.244421056e+11,3.449724312e+10,0.5969255012,,1
VCI,Vietcap Securities,HOSE,Financial Services,Financial Services,20050,1152231925,864173943,0.7499999993,1.732668756e+13,2.31022501e+13,0,21,4.957788715e+12,2.360851769e+11,1.362552283,,1
VCK,VPS Securities,HOSE,Financial Services,Financial Services,29000,2434919704,608729926,0.25,1.765316785e+13,7.061267142e+13,0,21,1.43059335e+12,6.812349285e+10,0.3858995361,,1
VGC,Viglacera Corporation,HOSE,Construction & Materials,Building Materials,41000,448350000,53802000,0.12,2.205882e+12,1.838235e+13,0,21,3.205270049e+11,1.526319071e+10,0.6919314229,,1
VHC,Vinh Hoan Corp.,HOSE,Food & Beverage,Food - Agriculture,50200,209453159,83781263,0.3999999971,4.205819403e+12,1.051454858e+13,0,21,4.285472451e+11,2.040701167e+10,0.4852089383,,1
VHM,Vinhomes,HOSE,Real Estate,Real Estate - Residential,72000,8214824008,2464447202,0.3,1.774401985e+14,5.914673286e+14,0,21,1.294983272e+13,6.166587011e+11,0.3475304391,,1
VIB,VIBBank,HOSE,Banks,Banks - Private,13250,3727386252,2050062438,0.5499999998,2.71633273e+13,4.938786784e+13,0,21,2.841732076e+12,1.353205751e+11,0.4981737824,,1
VIC,VinGroup,HOSE,Real Estate,Real Estate - Residential,243300,7762186429,2328655928,0.2999999999,5.665619873e+14,1.888539958e+15,1.32377395e-16,21,2.961996622e+13,1.410474582e+12,0.2489532679,,1
VIX,VIX Securities,HOSE,Financial Services,Financial Services,13250,2572788533,2572788533,1,3.408944806e+13,3.408944806e+13,0,21,1.388302217e+13,6.610962936e+11,1.939298907,,1
VJC,Vietjet Air,HOSE,Travel & Leisure,Travel & Leisure,124700,769092961,269182536,0.3499999995,3.356706224e+13,9.590589224e+13,0,21,6.189846365e+12,2.947545888e+11,0.8781065996,,1
VND,VNDIRECT,HOSE,Financial Services,Financial Services,15150,1522299908,1141724931,0.75,1.72971327e+13,2.306284361e+13,0,21,4.015701364e+12,1.912238745e+11,1.105523544,,1
VNM,Vinamilk,HOSE,Food & Beverage,Food - Staples & Beverage,59900,2089955445,835982178,0.4,5.007533246e+13,1.251883312e+14,0,21,4.57106611e+12,2.176698147e+11,0.4346847121,,1
VPB,VPBank,HOSE,Banks,Banks - Private,26950,7933923601,4363657980,0.5499999999,1.176005826e+14,2.13819241e+14,0,21,1.065753244e+13,5.075015447e+11,0.4315467948,,1
VPI,Van Phu - Invest,HOSE,Real Estate,Real Estate - Residential,59600,352054534,176027267,0.5,1.049122511e+13,2.098245023e+13,0,21,3.186739231e+12,1.517494872e+11,1.446442008,,1
VPL,Vinpearl,HOSE,Travel & Leisure,Travel & Leisure,82500,1793300377,268995056,0.1499999997,2.219209212e+13,1.479472811e+14,0,21,1.250331418e+12,5.953959135e+10,0.2682919259,,1
VPX,VPBank Securities,HOSE,Financial Services,Financial Services,24000,1875000000,375000000,0.2,9e+12,4.5e+13,0,21,5.340176942e+11,2.542941401e+10,0.2825490446,,1
VRE,Vincom Retail,HOSE,Real Estate,Real Estate - Commercial,25600,2272318410,908927364,0.4,2.326854052e+13,5.81713513e+13,0,21,2.98254148e+12,1.420257848e+11,0.6103768505,,1
VSC,Vietnam Container Shipping,HOSE,Industrial Goods & Services,Logistics,13000,374370362,355651843,0.9499999976,4.623473959e+12,4.866814706e+12,0,21,3.604789403e+12,1.716566382e+11,3.712719911,,1
VTP,Viettel Post,HOSE,Industrial Goods & Services,Logistics,49500,201885171,80754068,0.399999998,3.997326366e+12,9.993315964e+12,0,21,1.122916186e+12,5.347219932e+10,1.337699112,,1
